City_ID,City,Country,Date,Lat,Lng,Max Temp,Humidity,Cloudiness,Wind Speed
0,Kruisfontein,ZA,2022-08-03 03:52:30,-34.0033,24.7314,56.43,61,8,5.95
1,Hermanus,ZA,2022-08-03 03:52:30,-34.4187,19.2345,50.81,86,12,1.9
2,Lima,PE,2022-08-03 03:52:24,-12.0432,-77.0282,58.89,86,100,18.41
3,Los Llanos De Aridane,ES,2022-08-03 03:52:31,28.6585,-17.9182,67.75,83,75,17.27
4,Rikitea,PF,2022-08-03 03:52:31,-23.1203,-134.9692,72.52,71,57,19.42
5,Kundian,PK,2022-08-03 03:52:31,32.4587,71.4775,87.13,63,94,7.05
6,Marystown,CA,2022-08-03 03:52:32,47.1666,-55.1483,66.85,100,99,8.3
7,Vaini,TO,2022-08-03 03:52:32,-21.2,-175.2,78.96,94,75,11.5
8,Castenaso,IT,2022-08-03 03:52:32,44.5089,11.4698,72.28,78,0,6.91
9,Yulara,AU,2022-08-03 03:52:33,-25.2406,130.9889,71.44,68,100,20.71
10,Hasaki,JP,2022-08-03 03:52:33,35.7333,140.8333,104.29,80,100,9.01
11,Isangel,VU,2022-08-03 03:52:33,-19.55,169.2667,82.51,83,75,2.3
12,Bereznik,RU,2022-08-03 03:52:34,62.8551,42.7072,62.78,85,86,6.2
13,Fortuna,US,2022-08-03 03:52:34,40.5982,-124.1573,61.36,90,100,5.75
14,Arraial Do Cabo,BR,2022-08-03 03:50:42,-22.9661,-42.0278,68.94,89,0,6.64
15,Cayhagan,PH,2022-08-03 03:52:35,9.6697,122.4256,84.51,71,63,4.5
16,Saskylakh,RU,2022-08-03 03:52:35,71.9167,114.0833,47.08,65,100,14.56
17,Clyde River,CA,2022-08-03 03:52:36,70.4692,-68.5914,37.63,100,100,10.36
18,Sitka,US,2022-08-03 03:52:36,57.0531,-135.33,57.09,88,100,4.61
19,Juneau,US,2022-08-03 03:52:36,58.3019,-134.4197,56.84,96,75,8.05
20,Komlo,HU,2022-08-03 03:52:37,46.1928,18.2649,65.64,58,2,3.06
21,Tucurui,BR,2022-08-03 03:52:37,-3.7661,-49.6725,73.92,70,57,2.68
22,Mahebourg,MU,2022-08-03 03:52:37,-20.4081,57.7,68.29,83,40,8.05
23,Cape Town,ZA,2022-08-03 03:48:03,-33.9258,18.4232,57.38,87,40,1.99
24,Saint Anthony,US,2022-08-03 03:52:38,45.0205,-93.218,87.93,74,0,9.22
25,Dubbo,AU,2022-08-03 03:52:39,-32.25,148.6167,71.73,53,3,16.11
26,Ponta Delgada,PT,2022-08-03 03:52:39,37.7333,-25.6667,68.72,83,20,2.3
27,Cefalu,IT,2022-08-03 03:52:39,38.0386,14.0229,80.55,64,0,1.01
28,Atuona,PF,2022-08-03 03:52:03,-9.8,-139.0333,77.36,75,11,14.5
29,Provideniya,RU,2022-08-03 03:51:57,64.3833,-173.3,50.11,87,0,13.42
30,Hobart,AU,2022-08-03 03:52:40,-42.8794,147.3294,60.26,60,89,14.97
31,Lagoa,PT,2022-08-03 03:52:41,39.05,-27.9833,73.92,86,94,15.23
32,Saurimo,AO,2022-08-03 03:52:41,-9.6608,20.3916,68.86,54,62,2.3
33,Ljungby,SE,2022-08-03 03:52:41,56.8332,13.9408,59.41,85,100,8.08
34,Cidreira,BR,2022-08-03 03:52:42,-30.1811,-50.2056,60.69,92,78,12.33
35,Muli,MV,2022-08-03 03:52:42,2.9167,73.5667,81.23,76,75,19.3
36,Banda Aceh,ID,2022-08-03 03:52:42,5.5577,95.3222,84.02,64,100,14.14
37,Shimoda,JP,2022-08-03 03:52:43,34.6667,138.95,97.11,65,51,15.37
38,Ambilobe,MG,2022-08-03 03:52:43,-13.2,49.05,64.87,69,0,3.51
39,Bennettsville,US,2022-08-03 03:52:43,34.6174,-79.6848,81.16,94,0,0.0
40,Aykhal,RU,2022-08-03 03:52:44,66.0,111.5,42.53,97,100,20.29
41,Kapaa,US,2022-08-03 03:52:44,22.0752,-159.319,82.72,70,40,16.11
42,Kahului,US,2022-08-03 03:50:02,20.8947,-156.47,84.22,67,40,21.85
43,Mataura,NZ,2022-08-03 03:52:44,-46.1927,168.8643,44.47,80,68,7.38
44,Cabedelo,BR,2022-08-03 03:52:45,-6.9811,-34.8339,74.07,87,16,4.99
45,Busselton,AU,2022-08-03 03:52:45,-33.65,115.3333,54.99,71,98,31.5
46,Paraiso,CR,2022-08-03 03:52:45,9.8383,-83.8656,67.87,100,100,1.95
47,Barrow,US,2022-08-03 03:52:46,71.2906,-156.7887,50.02,71,0,10.36
48,Lagos,NG,2022-08-03 03:53:46,6.5833,3.75,71.92,85,100,5.5
49,Alice Springs,AU,2022-08-03 03:53:46,-23.7,133.8833,85.55,16,23,24.16
50,Lata,PT,2022-08-03 03:53:47,40.1629,-8.3327,60.12,94,43,1.3
51,Jamestown,US,2022-08-03 03:50:44,42.097,-79.2353,64.04,71,0,1.99
52,Naze,JP,2022-08-03 03:53:47,28.3667,129.4833,86.92,80,18,10.36
53,Sinnamary,GF,2022-08-03 03:53:48,5.3833,-52.95,77.56,88,100,9.35
54,Kalawit,PH,2022-08-03 03:53:48,8.0667,122.5167,85.68,71,76,1.05
55,Ribeira Grande,PT,2022-08-03 03:53:48,38.5167,-28.7,74.8,87,85,14.88
56,Albany,US,2022-08-03 03:51:59,42.6001,-73.9662,69.44,83,0,5.19
57,Port Alfred,ZA,2022-08-03 03:53:49,-33.5906,26.891,65.71,55,9,7.96
58,Kaitangata,NZ,2022-08-03 03:53:49,-46.2817,169.8464,50.77,71,28,12.1
59,Longyearbyen,SJ,2022-08-03 03:53:00,78.2186,15.6401,51.64,76,75,4.61
60,Ushuaia,AR,2022-08-03 03:53:29,-54.8,-68.3,35.26,93,100,3.44
61,Senno,RU,2022-08-03 03:53:50,59.5336,33.9167,56.26,90,84,2.37
62,Port Hardy,CA,2022-08-03 03:53:50,50.6996,-127.4199,57.38,94,100,3.44
63,Codrington,AU,2022-08-03 03:53:51,-38.2667,141.9667,61.84,63,12,18.68
64,Do Gonbadan,IR,2022-08-03 03:53:51,30.3586,50.7981,80.69,74,0,0.0
65,Mehamn,NO,2022-08-03 03:53:51,71.0357,27.8492,49.95,100,75,2.3
66,Tonatico,MX,2022-08-03 03:53:51,21.4911,-98.8127,76.03,91,94,3.38
67,Punta Arenas,CL,2022-08-03 03:53:52,-53.15,-70.9167,32.11,100,75,2.3
68,Victor Harbor,AU,2022-08-03 03:53:52,-35.5667,138.6167,64.99,48,0,7.0
69,New Norfolk,AU,2022-08-03 03:53:52,-42.7826,147.0587,59.92,76,96,1.99
70,Tuy Hoa,VN,2022-08-03 03:53:53,13.0833,109.3,82.02,80,94,5.41
71,Bandraboua,YT,2022-08-03 03:53:53,-12.7044,45.1223,71.28,66,0,7.63
72,Tolaga Bay,NZ,2022-08-03 03:53:53,-38.3667,178.3,59.11,69,100,5.21
73,Qasigiannguit,GL,2022-08-03 03:53:54,68.8193,-51.1922,39.06,98,100,4.54
74,Lavrentiya,RU,2022-08-03 03:53:54,65.5833,-171.0,56.91,59,16,9.24
75,Kodiak,US,2022-08-03 03:51:59,57.79,-152.4072,65.71,48,0,28.77
76,Port Macquarie,AU,2022-08-03 03:53:55,-31.4333,152.9167,71.89,50,28,9.13
77,Daru,PG,2022-08-03 03:53:55,-9.0763,143.2092,81.16,83,46,15.66
78,Tasiilaq,GL,2022-08-03 03:53:55,65.6145,-37.6368,33.37,63,23,2.51
79,Madiun,ID,2022-08-03 03:53:56,-7.6298,111.5239,88.54,54,100,1.61
80,Touros,BR,2022-08-03 03:52:10,-5.1989,-35.4608,75.24,88,12,8.28
81,Pevek,RU,2022-08-03 03:53:56,69.7008,170.3133,37.36,99,100,3.02
82,Hilo,US,2022-08-03 03:51:48,19.7297,-155.09,78.53,77,100,6.91
83,Bredasdorp,ZA,2022-08-03 03:53:57,-34.5322,20.0403,48.34,89,15,3.98
84,Kavaratti,IN,2022-08-03 03:53:57,10.5669,72.642,79.86,81,100,21.36
85,Yellowknife,CA,2022-08-03 03:53:57,62.456,-114.3525,66.72,34,20,3.44
86,Saldanha,ZA,2022-08-03 03:53:28,-33.0117,17.9442,51.85,90,7,7.4
87,Shenjiamen,CN,2022-08-03 03:53:58,29.9576,122.298,85.51,79,7,16.46
88,Bengkulu,ID,2022-08-03 03:53:58,-3.8004,102.2655,78.39,83,100,3.0
89,Kopaganj,IN,2022-08-03 03:53:59,26.0233,83.5658,90.48,58,100,6.42
90,Castro,BR,2022-08-03 03:53:59,-24.7911,-50.0119,56.84,73,0,4.18
91,East London,ZA,2022-08-03 03:53:59,-33.0153,27.9116,66.47,57,91,4.56
92,Kjollefjord,NO,2022-08-03 03:53:54,70.9457,27.3465,51.85,100,75,2.3
93,Sanmenxia,CN,2022-08-03 03:54:00,34.7747,111.1814,92.84,51,0,13.02
94,Tuatapere,NZ,2022-08-03 03:54:00,-46.1333,167.6833,51.31,66,59,9.17
95,Puerto Madryn,AR,2022-08-03 03:52:51,-42.7692,-65.0385,42.69,59,2,9.19
96,Thompson,CA,2022-08-03 03:55:01,55.7435,-97.8558,55.56,100,75,5.75
97,Bluff,NZ,2022-08-03 03:55:01,-46.6,168.3333,44.8,72,47,28.07
98,Mission Bend,US,2022-08-03 03:55:02,29.6938,-95.6649,86.47,79,8,5.99
99,Grand Gaube,MU,2022-08-03 03:55:02,-20.0064,57.6608,68.4,77,8,4.0
100,Ancud,CL,2022-08-03 03:55:02,-41.8697,-73.8203,44.22,91,100,5.53
101,Ponta Do Sol,PT,2022-08-03 03:55:03,32.6667,-17.1,70.43,79,10,4.9
102,Gat,IL,2022-08-03 03:55:03,31.61,34.7642,77.4,100,0,3.04
103,Chicama,PE,2022-08-03 03:55:04,-7.8447,-79.1469,57.74,86,53,5.61
104,San-Pedro,CI,2022-08-03 03:55:04,4.7485,-6.6363,74.17,78,100,6.15
105,Narsaq,GL,2022-08-03 03:55:04,60.9167,-46.05,44.38,79,20,2.28
106,Alakurtti,RU,2022-08-03 03:55:05,66.9672,30.3491,55.09,95,100,6.82
107,Richards Bay,ZA,2022-08-03 03:55:05,-28.783,32.0377,61.34,83,6,10.42
108,Kiama,AU,2022-08-03 03:55:03,-34.6833,150.8667,74.44,60,37,10.0
109,Sarishabari,BD,2022-08-03 03:55:06,24.7333,89.8333,84.15,79,100,13.96
110,Shelopugino,RU,2022-08-03 03:55:06,51.6514,117.5599,83.43,50,100,6.15
111,Puerto Ayora,EC,2022-08-03 03:53:09,-0.7393,-90.3518,69.55,87,25,8.99
112,Port-Gentil,GA,2022-08-03 03:55:07,-0.7193,8.7815,74.34,78,29,7.76
113,Omboue,GA,2022-08-03 03:55:07,-1.5746,9.2618,69.91,92,83,6.13
114,Asfi,MA,2022-08-03 03:55:08,32.2994,-9.2372,70.79,90,2,13.24
115,Avarua,CK,2022-08-03 03:50:17,-21.2078,-159.775,75.25,60,75,12.66
116,Broken Hill,AU,2022-08-03 03:54:40,-31.95,141.4333,76.33,31,0,29.84
117,Kaka,TM,2022-08-03 03:55:09,37.3482,59.6143,92.55,20,0,6.02
118,Puerto Suarez,BO,2022-08-03 03:55:09,-18.95,-57.8,72.97,36,68,3.0
119,Katsuura,JP,2022-08-03 03:55:10,35.1333,140.3,87.84,71,93,15.01
120,Syamzha,RU,2022-08-03 03:55:10,60.0158,41.0614,63.52,70,57,4.9
121,Praia Da Vitoria,PT,2022-08-03 03:52:39,38.7333,-27.0667,74.75,88,75,7.78
122,Saint-Philippe,RE,2022-08-03 03:55:11,-21.3585,55.7679,65.79,86,64,13.67
123,Aden,YE,2022-08-03 03:55:11,12.7794,45.0367,84.16,74,7,10.4
124,Rorvik,NO,2022-08-03 03:55:11,64.8621,11.2373,56.62,80,100,13.87
125,Tiznit,MA,2022-08-03 03:55:12,29.5833,-9.5,86.67,23,60,2.68
126,Carnarvon,AU,2022-08-03 03:51:55,-24.8667,113.6333,66.27,77,75,11.5
127,Whitehorse,CA,2022-08-03 03:55:13,60.7161,-135.0538,59.77,63,75,5.75
128,Salalah,OM,2022-08-03 03:55:13,17.0151,54.0924,76.66,95,100,4.47
129,Matara,LK,2022-08-03 03:55:13,5.9485,80.5353,79.23,84,100,17.45
130,Dogondoutchi,NE,2022-08-03 03:55:14,13.6393,4.0287,78.93,78,100,6.78
131,Bethel,US,2022-08-03 03:55:15,41.3712,-73.414,76.77,97,36,5.01
132,Iqaluit,CA,2022-08-03 03:51:44,63.7506,-68.5145,40.73,93,75,4.61
133,Qaqortoq,GL,2022-08-03 03:55:15,60.7167,-46.0333,44.69,80,18,1.1
134,Port Lincoln,AU,2022-08-03 03:55:16,-34.7333,135.8667,64.99,48,4,32.61
135,Souillac,MU,2022-08-03 03:55:16,-20.5167,57.5167,68.38,83,40,8.05
136,Myski,RU,2022-08-03 03:55:16,53.709,87.8014,64.63,56,12,5.77
137,Dikson,RU,2022-08-03 03:55:17,73.5069,80.5464,45.16,86,100,16.04
138,Hofn,IS,2022-08-03 03:55:17,64.2539,-15.2082,48.6,73,68,12.84
139,Kaura Namoda,NG,2022-08-03 03:55:18,12.5898,6.5779,72.09,90,97,8.48
140,Galesong,ID,2022-08-03 03:56:18,-5.3166,119.3661,89.62,68,48,2.62
141,Hobyo,SO,2022-08-03 03:56:19,5.3505,48.5268,76.17,81,33,21.79
142,Inirida,CO,2022-08-03 03:56:19,3.8653,-67.9239,70.83,98,73,2.77
143,Esperance,AU,2022-08-03 03:56:19,-33.8667,121.9,57.04,57,44,33.93
144,Victoria,HK,2022-08-03 03:54:42,22.2855,114.1577,86.38,81,100,5.99
145,Saint-Denis,FR,2022-08-03 03:56:22,48.9167,2.3333,72.14,75,0,5.75
146,Warwick,US,2022-08-03 03:53:35,41.7001,-71.4162,76.08,82,8,4.92
147,Verkhnetulomskiy,RU,2022-08-03 03:56:22,68.6073,31.7962,57.33,97,100,2.68
148,Launceston,AU,2022-08-03 03:56:22,-41.45,147.1667,55.04,85,75,28.77
149,Boditi,ET,2022-08-03 03:56:23,6.9667,37.8667,54.14,95,64,2.82
150,Saint George,US,2022-08-03 03:56:07,37.1041,-113.5841,92.62,34,19,3.0
151,Shumerlya,RU,2022-08-03 03:56:24,55.5005,46.4129,66.67,78,94,2.01
152,Bilma,NE,2022-08-03 03:56:24,18.6853,12.9164,86.31,47,6,4.68
153,Ixtapa,MX,2022-08-03 03:56:24,20.7,-105.2,77.49,93,84,1.25
154,Chuy,UY,2022-08-03 03:56:25,-33.6971,-53.4616,55.22,95,95,5.21
155,Kharp,RU,2022-08-03 03:56:26,66.8014,65.8081,68.04,54,100,4.05
156,Zhanakorgan,KZ,2022-08-03 03:56:26,43.9098,67.2495,81.95,36,77,8.25
157,Maniitsoq,GL,2022-08-03 03:56:26,65.4167,-52.9,43.59,86,94,7.02
158,Katherine,AU,2022-08-03 03:56:26,-14.4667,132.2667,88.12,42,40,4.61
159,Zaozhuang,CN,2022-08-03 03:56:27,34.8647,117.5542,92.46,60,2,6.51
160,Kungurtug,RU,2022-08-03 03:56:28,50.5994,97.5228,69.13,52,100,2.39
161,Lamar,US,2022-08-03 03:56:28,33.6668,-95.5836,88.65,45,46,9.42
162,Acapulco,MX,2022-08-03 03:56:29,16.8634,-99.8901,79.81,85,81,4.32
163,Upernavik,GL,2022-08-03 03:56:29,72.7868,-56.1549,44.26,81,92,5.32
164,Hithadhoo,MV,2022-08-03 03:51:39,-0.6,73.0833,80.22,75,98,11.21
165,Port Elizabeth,ZA,2022-08-03 03:56:30,-33.918,25.5701,63.32,64,0,5.75
166,Byron Bay,AU,2022-08-03 03:54:26,-28.65,153.6167,72.95,59,46,9.75
167,Oum Hadjer,TD,2022-08-03 03:56:31,13.2954,19.6966,76.46,79,80,5.46
168,Tignere,CM,2022-08-03 03:56:31,7.3667,12.65,61.48,97,99,1.41
169,Arraias,BR,2022-08-03 03:56:32,-12.9288,-46.9437,69.76,40,6,5.28
170,Mayor Pablo Lagerenza,PY,2022-08-03 03:56:33,-19.9309,-60.7718,79.03,39,15,7.25
171,Pedro Juan Caballero,PY,2022-08-03 03:56:33,-22.5472,-55.7333,67.53,39,4,6.67
172,Beloha,MG,2022-08-03 03:56:33,-25.1667,45.05,60.04,78,0,8.52
173,Kudahuvadhoo,MV,2022-08-03 03:56:34,2.6708,72.8944,80.64,77,80,16.98
174,Nabire,ID,2022-08-03 03:56:34,-3.3667,135.4833,84.24,72,80,3.44
175,Paamiut,GL,2022-08-03 03:56:34,61.994,-49.6678,43.86,86,99,6.91
176,Arlit,NE,2022-08-03 03:56:35,18.7369,7.3853,89.08,36,0,11.25
177,La Ronge,CA,2022-08-03 03:56:35,55.1001,-105.2842,57.45,82,75,3.44
178,Lorengau,PG,2022-08-03 03:56:36,-2.0226,147.2712,82.8,79,100,14.85
179,Pitimbu,BR,2022-08-03 03:56:03,-7.4706,-34.8086,73.99,88,64,5.01
180,Ossora,RU,2022-08-03 03:56:36,59.2353,163.0719,61.5,70,54,4.36
181,Ucar,AZ,2022-08-03 03:56:37,40.519,47.6542,78.76,47,6,0.89
182,Alofi,NU,2022-08-03 03:57:37,-19.0595,-169.9187,78.69,69,75,16.11
183,Atasu,KZ,2022-08-03 03:57:38,48.6814,71.6433,73.99,51,100,12.86
184,Salta,AR,2022-08-03 03:56:47,-24.7859,-65.4117,61.39,73,40,5.75
185,Kosh-Agach,RU,2022-08-03 03:57:38,50.0,88.6667,62.38,53,80,1.45
186,Kavieng,PG,2022-08-03 03:53:02,-2.5744,150.7967,83.95,72,25,14.72
187,Tefe,BR,2022-08-03 03:57:39,-3.3542,-64.7114,73.51,97,98,2.39
188,Sisimiut,GL,2022-08-03 03:57:39,66.9395,-53.6735,42.78,91,76,2.82
189,Sibu,MY,2022-08-03 03:57:39,2.3,111.8167,84.51,74,40,2.3
190,San Vicente,AR,2022-08-03 03:57:40,-26.6167,-54.1333,61.45,74,0,3.11
191,Nhulunbuy,AU,2022-08-03 03:57:40,-12.2333,136.7667,83.01,69,75,16.11
192,Gao,ML,2022-08-03 03:57:41,16.6362,1.637,83.01,54,60,8.14
193,Sao Filipe,CV,2022-08-03 03:57:41,14.8961,-24.4956,77.23,82,23,5.19
194,Haines Junction,CA,2022-08-03 03:57:41,60.7522,-137.5108,57.15,72,100,4.61
195,Port Blair,IN,2022-08-03 03:57:42,11.6667,92.75,78.84,89,75,9.22
196,Nikolskoye,RU,2022-08-03 03:57:42,59.7035,30.7861,62.78,83,31,5.41
197,Nome,US,2022-08-03 03:56:36,64.5011,-165.4064,65.16,66,10,13.94
198,Kodinar,IN,2022-08-03 03:57:43,20.7903,70.7031,83.97,74,100,7.56
199,Trairi,BR,2022-08-03 03:56:47,-3.2778,-39.2689,77.18,79,23,10.29
200,Tarko-Sale,RU,2022-08-03 03:57:43,64.9225,77.785,65.01,54,67,10.85
201,Butaritari,KI,2022-08-03 03:57:44,3.0707,172.7902,81.41,78,54,13.8
202,San Carlos,VE,2022-08-03 03:54:33,9.6612,-68.5827,72.0,96,91,2.95
203,Qaanaaq,GL,2022-08-03 03:57:44,77.484,-69.3632,41.58,65,26,4.09
204,Vershino-Darasunskiy,RU,2022-08-03 03:57:45,52.35,115.5167,75.38,55,100,7.96
205,Inhambane,MZ,2022-08-03 03:57:45,-23.865,35.3833,53.58,94,20,3.44
206,Gannan,CN,2022-08-03 03:57:45,47.9147,123.5031,86.83,51,1,3.53
207,Aromashevo,RU,2022-08-03 03:57:46,56.8602,68.6375,63.91,62,13,7.09
208,Jega,NG,2022-08-03 03:57:46,12.2175,4.3792,74.95,90,100,8.08
209,Coquimbo,CL,2022-08-03 03:57:46,-29.9533,-71.3436,53.33,76,100,3.44
210,Payakumbuh,ID,2022-08-03 03:57:47,-0.2202,100.6308,74.53,90,100,1.99
211,Aberystwyth,GB,2022-08-03 03:57:47,52.4155,-4.0829,59.7,92,86,14.61
212,Constitucion,CL,2022-08-03 03:57:48,-35.3333,-72.4167,46.67,70,0,5.5
213,Grindavik,IS,2022-08-03 03:57:48,63.8424,-22.4338,46.35,81,40,14.97
214,Srednekolymsk,RU,2022-08-03 03:57:48,67.45,153.6833,57.67,84,100,12.84
215,Mount Isa,AU,2022-08-03 03:54:19,-20.7333,139.5,91.17,25,40,14.97
216,Olafsvik,IS,2022-08-03 03:57:49,64.8945,-23.7142,47.12,68,89,10.42
217,Mar Del Plata,AR,2022-08-03 03:57:49,-38.0023,-57.5575,54.09,98,100,3.44
218,Ahipara,NZ,2022-08-03 03:57:50,-35.1667,173.1667,60.78,78,100,1.86
219,San Rafael Del Sur,NI,2022-08-03 03:57:50,11.8485,-86.4384,74.37,72,100,11.97
220,Lebu,CL,2022-08-03 03:54:04,-37.6167,-73.65,45.39,84,6,12.5
221,Kintampo,GH,2022-08-03 03:57:51,8.0563,-1.7306,67.89,88,95,6.49
222,Kojori,GE,2022-08-03 03:57:51,41.6594,44.7025,67.5,78,20,2.62
223,Khatanga,RU,2022-08-03 03:57:51,71.9667,102.5,51.08,54,100,7.58
224,Moose Factory,CA,2022-08-03 03:57:52,51.2585,-80.6094,66.2,68,40,8.05
225,The Pas,CA,2022-08-03 03:57:52,53.8251,-101.2541,57.22,88,100,13.8
226,Vila Velha,BR,2022-08-03 03:56:17,-20.3297,-40.2925,71.55,91,0,5.75
227,Bernburg,DE,2022-08-03 03:58:53,51.8,11.7333,63.91,47,8,5.37
228,Hue,VN,2022-08-03 03:58:53,16.4667,107.6,93.31,52,40,5.75
229,Altamont,US,2022-08-03 03:53:54,42.2068,-121.7372,75.78,60,99,4.18
230,Adrar,MR,2022-08-03 03:58:54,20.5022,-10.0711,88.84,41,11,16.58
231,Carutapera,BR,2022-08-03 03:58:54,-1.195,-46.02,75.97,89,11,6.53
232,Nusaybin,TR,2022-08-03 03:58:54,37.0778,41.2178,86.76,38,0,3.47
233,Kolvereid,NO,2022-08-03 03:58:55,64.8655,11.6047,54.9,80,100,9.17
234,Bin Qirdan,TN,2022-08-03 03:58:55,33.1378,11.2197,79.63,73,0,7.45
235,Mongagua,BR,2022-08-03 03:58:55,-24.0931,-46.6208,67.66,84,0,3.33
236,Breves,BR,2022-08-03 03:58:56,-1.6822,-50.4803,73.6,93,67,3.04
237,Kajaani,FI,2022-08-03 03:58:56,64.2273,27.7285,50.05,93,0,5.75
238,Leningradskiy,RU,2022-08-03 03:58:56,69.3833,178.4167,47.71,75,100,4.21
239,Korla,CN,2022-08-03 03:58:57,41.7597,86.1469,86.54,26,0,9.84
240,Port Townsend,US,2022-08-03 03:58:57,48.117,-122.7605,65.57,78,0,3.0
241,Porto Novo,BJ,2022-08-03 03:58:58,6.4965,2.6036,73.22,77,100,8.32
242,Aklavik,CA,2022-08-03 03:58:58,68.2191,-135.0107,51.1,67,99,13.22
243,Vila,PT,2022-08-03 03:58:58,42.0304,-8.1588,57.7,91,0,3.67
244,Nakusp,CA,2022-08-03 03:58:59,50.2499,-117.8023,73.74,43,44,2.3
245,Waddan,LY,2022-08-03 03:58:59,29.1614,16.139,75.79,61,0,6.91
246,Emba,KZ,2022-08-03 03:58:59,48.8264,58.1442,75.11,53,70,7.7
247,Amapa,BR,2022-08-03 03:59:00,1.0,-52.0,70.95,99,97,1.61
248,Caxito,AO,2022-08-03 03:59:00,-8.5785,13.6643,61.16,93,1,3.53
249,Belyy Yar,RU,2022-08-03 03:59:00,53.6039,91.3903,62.49,72,0,4.47
250,Tabas,IR,2022-08-03 03:59:01,33.5959,56.9244,90.19,18,0,3.06
251,Qiongshan,CN,2022-08-03 03:59:01,20.0058,110.3542,91.38,62,20,4.47
252,Piacabucu,BR,2022-08-03 03:59:02,-10.4056,-36.4344,74.08,89,95,11.43
253,Okato,NZ,2022-08-03 03:59:02,-39.2,173.8833,58.51,81,70,5.99
254,Acarau,BR,2022-08-03 03:59:02,-2.8856,-40.12,78.12,80,8,15.1
255,Nanortalik,GL,2022-08-03 03:59:03,60.1432,-45.2371,45.14,78,28,7.25
256,Mantua,IT,2022-08-03 03:59:03,45.1667,10.7833,74.44,85,9,3.85
257,Faanui,PF,2022-08-03 03:59:03,-16.4833,-151.75,79.02,68,47,22.5
258,Guerrero Negro,MX,2022-08-03 03:59:04,27.9769,-114.0611,71.74,81,18,13.62
259,Kondinskoye,RU,2022-08-03 03:59:04,59.6481,67.41,67.01,51,11,3.96
260,Baykit,RU,2022-08-03 03:59:05,61.67,96.37,55.67,81,100,2.13
261,Husavik,IS,2022-08-03 03:59:05,66.0449,-17.3389,44.85,98,100,19.01
262,Georgetown,MY,2022-08-03 03:55:22,5.4112,100.3354,80.53,84,20,2.3
263,Maragogi,BR,2022-08-03 03:55:11,-9.0122,-35.2225,74.8,88,86,5.97
264,Sistranda,NO,2022-08-03 03:59:06,63.7256,8.834,58.96,82,100,13.18
265,Henties Bay,NA,2022-08-03 03:59:06,-22.116,14.2845,52.11,78,30,3.87
266,Kolpashevo,RU,2022-08-03 03:59:06,58.3131,82.9089,64.6,54,5,9.37
267,Lithakia,GR,2022-08-03 03:59:07,37.7167,20.8333,70.97,70,0,3.85
268,Nenagh,IE,2022-08-03 03:59:07,52.8619,-8.1967,59.56,92,55,11.61
269,Sarandi,BR,2022-08-03 03:59:07,-23.4436,-51.8739,66.36,49,0,5.17
270,Estelle,US,2022-08-03 03:59:08,29.8458,-90.1067,79.0,78,83,1.77
271,Havre-Saint-Pierre,CA,2022-08-03 04:00:08,50.2334,-63.5986,62.96,100,100,3.44
272,Ilebo,CD,2022-08-03 04:00:09,-4.3167,20.5833,70.72,86,66,1.79
273,Krynychky,UA,2022-08-03 04:00:10,48.3755,34.467,65.39,89,100,3.56
274,Itaituba,BR,2022-08-03 03:59:28,-4.2761,-55.9836,72.52,91,39,2.13
275,Wageningen,NL,2022-08-03 04:00:11,51.9667,5.6667,66.11,93,40,2.3
276,Zabaykalsk,RU,2022-08-03 04:00:11,49.6333,117.3167,88.21,40,36,12.95
277,West Bay,KY,2022-08-03 04:00:12,19.3667,-81.4167,84.0,85,0,6.51
278,Tessalit,ML,2022-08-03 04:00:12,20.1986,1.0114,86.68,33,97,3.78
279,Samarai,PG,2022-08-03 04:00:13,-10.6167,150.6667,80.67,84,26,12.93
280,Monte Alegre,BR,2022-08-03 04:00:13,-2.0078,-54.0692,74.19,92,94,3.42
281,Labuhan,ID,2022-08-03 04:00:14,-6.8844,112.2051,85.35,66,100,6.64
282,Ulladulla,AU,2022-08-03 04:00:15,-35.35,150.4667,71.33,53,42,7.02
283,Margate,GB,2022-08-03 04:00:15,51.3813,1.3862,65.1,95,41,3.0
284,Torbay,CA,2022-08-03 04:00:16,47.6666,-52.7314,62.58,85,75,1.99
285,Vanavara,RU,2022-08-03 04:00:17,60.34,102.2797,58.75,87,100,5.23
286,Purranque,CL,2022-08-03 04:00:17,-40.9167,-73.1667,31.33,99,89,2.1
287,Lufilufi,WS,2022-08-03 04:00:18,-13.8745,-171.5986,83.79,78,13,24.09
288,Namatanai,PG,2022-08-03 04:00:16,-3.6667,152.4333,83.73,69,24,9.53
289,Insar,RU,2022-08-03 04:00:19,53.8653,44.3738,66.25,76,98,6.17
290,Nurota,UZ,2022-08-03 04:00:19,40.5614,65.6886,86.45,24,6,10.27
291,Geraldton,AU,2022-08-03 04:00:20,-28.7667,114.6,61.21,72,100,19.57
292,Bambous Virieux,MU,2022-08-03 03:59:54,-20.3428,57.7575,68.25,83,40,8.05
293,Pisco,PE,2022-08-03 04:00:20,-13.7,-76.2167,59.02,82,1,1.36
294,Imbituba,BR,2022-08-03 04:00:21,-28.24,-48.6703,64.09,95,26,5.99
295,Dhidhdhoo,MV,2022-08-03 04:00:21,6.8833,73.1,80.51,79,97,23.24
296,Chokurdakh,RU,2022-08-03 04:00:22,70.6333,147.9167,57.42,44,100,5.86
297,Klaksvik,FO,2022-08-03 04:00:22,62.2266,-6.589,49.12,86,100,20.4
298,Strezhevoy,RU,2022-08-03 04:00:22,60.7333,77.5889,66.15,47,4,10.67
299,Poum,NC,2022-08-03 04:00:23,-20.2333,164.0167,75.18,85,6,18.61
300,Sangar,RU,2022-08-03 04:00:23,63.9242,127.4739,70.47,70,100,0.78
301,Parthenay,FR,2022-08-03 04:00:24,46.6667,-0.4167,66.38,57,3,3.89
302,Cherskiy,RU,2022-08-03 04:00:24,68.75,161.3,50.23,86,100,10.02
303,Bonoua,CI,2022-08-03 04:00:24,5.2741,-3.595,71.22,81,39,5.26
304,Nemuro,JP,2022-08-03 04:00:25,43.3236,145.575,61.63,90,100,11.9
305,Saint-Pierre,RE,2022-08-03 04:00:25,-21.3393,55.4781,70.92,87,20,5.75
306,Banganapalle,IN,2022-08-03 04:00:25,15.3167,78.2333,86.52,60,99,3.15
307,Noumea,NC,2022-08-03 03:58:20,-22.2763,166.4572,80.58,99,94,5.01
308,Sabang,ID,2022-08-03 04:00:26,5.8933,95.3214,83.46,68,100,20.78
309,Great Falls,US,2022-08-03 04:00:26,47.5002,-111.3008,76.41,31,1,4.0
310,Twin Falls,US,2022-08-03 04:00:27,42.3505,-114.6445,71.92,64,81,13.22
311,Rassvet,RU,2022-08-03 04:00:27,46.8333,40.75,70.93,91,6,6.89
312,Sorland,NO,2022-08-03 04:00:27,67.667,12.6934,55.26,78,97,17.58
313,Kampot,KH,2022-08-03 04:00:28,10.6167,104.1833,84.25,65,97,7.65
314,Huangnihe,CN,2022-08-03 04:00:28,43.5583,128.0239,84.04,67,88,3.09
315,San Jorge,AR,2022-08-03 04:00:29,-31.8962,-61.8598,56.59,72,62,5.99
316,Mitsamiouli,KM,2022-08-03 04:00:29,-11.3847,43.2844,74.86,71,4,6.87
317,Kochubey,RU,2022-08-03 04:01:29,44.3861,46.5825,83.62,55,20,10.16
318,Kulunda,RU,2022-08-03 04:01:30,52.566,78.9385,69.33,44,100,9.28
319,Sandnessjoen,NO,2022-08-03 04:01:30,66.0217,12.6316,57.65,72,75,5.01
320,Chara,RU,2022-08-03 04:01:31,56.9064,118.2631,78.37,48,79,1.21
321,Vitim,RU,2022-08-03 04:01:31,59.4511,112.5578,82.13,50,87,9.42
322,Ulaangom,MN,2022-08-03 04:01:31,49.9811,92.0667,71.91,46,24,6.4
323,Pangnirtung,CA,2022-08-03 04:01:32,66.1451,-65.7125,44.91,85,65,1.72
324,Tiksi,RU,2022-08-03 04:01:32,71.6872,128.8694,40.73,83,100,6.31
325,Gisborne,NZ,2022-08-03 04:01:32,-38.6533,178.0042,59.47,66,100,6.29
326,Eyl,SO,2022-08-03 04:01:33,7.9803,49.8164,78.03,66,8,24.49
327,Vanimo,PG,2022-08-03 04:01:33,-2.6741,141.3028,86.07,67,100,10.83
328,Severo-Kurilsk,RU,2022-08-03 04:01:33,50.6789,156.125,56.91,72,31,8.72
329,Aleysk,RU,2022-08-03 04:01:34,52.4926,82.7822,71.15,39,13,13.18
330,Creel,MX,2022-08-03 04:01:34,27.75,-107.6333,59.58,82,85,5.08
331,Upata,VE,2022-08-03 04:01:34,8.0086,-62.3989,73.18,98,100,2.86
332,Nueva Guinea,NI,2022-08-03 04:01:35,11.6876,-84.4562,73.08,97,100,10.78
333,Eureka,US,2022-08-03 03:57:23,40.8021,-124.1637,61.2,88,27,4.32
334,Skibbereen,IE,2022-08-03 04:01:35,51.55,-9.2667,61.11,91,28,15.43
335,Erzin,TR,2022-08-03 04:01:36,36.9559,36.2,78.71,84,64,1.32
336,Llanes,ES,2022-08-03 04:01:37,43.4198,-4.7549,70.77,86,67,6.13
337,Cayenne,GF,2022-08-03 04:01:37,4.9333,-52.3333,75.24,1,75,5.75
338,Bontang,ID,2022-08-03 04:01:37,0.1333,117.5,83.14,72,68,5.1
339,Tuktoyaktuk,CA,2022-08-03 04:01:38,69.4541,-133.0374,45.39,85,98,12.66
340,Morondava,MG,2022-08-03 04:01:38,-20.2833,44.2833,67.32,89,11,8.12
341,Palmital,BR,2022-08-03 04:01:38,-22.7889,-50.2175,65.68,50,5,7.14
342,Solnechnyy,RU,2022-08-03 04:01:39,50.7214,136.6319,65.08,95,100,3.09
343,Shingu,JP,2022-08-03 04:01:39,33.7333,135.9833,93.9,55,36,3.87
344,Otradnoye,RU,2022-08-03 04:01:39,59.7775,30.8181,62.94,83,27,5.46
345,Santa Marta,CO,2022-08-03 04:01:40,11.2408,-74.199,80.06,81,100,14.09
346,Nacala,MZ,2022-08-03 04:01:41,-14.5428,40.6728,66.4,95,21,5.91
347,Atar,MR,2022-08-03 04:01:15,20.5169,-13.0499,82.18,52,3,10.49
348,North Bend,US,2022-08-03 04:00:24,43.4065,-124.2243,62.17,100,8,5.19
349,Hambantota,LK,2022-08-03 04:01:31,6.1241,81.1185,79.14,89,75,12.66
350,Amot,NO,2022-08-03 04:01:42,59.5714,7.9877,54.77,100,100,4.74
351,Araouane,ML,2022-08-03 04:01:42,18.9048,-3.5265,90.91,43,21,13.33
352,Shebalino,RU,2022-08-03 04:01:43,51.2917,85.6772,64.24,84,86,3.4
353,Edremit,TR,2022-08-03 04:01:43,39.5961,27.0244,69.37,84,2,8.48
354,Bambanglipuro,ID,2022-08-03 04:00:13,-7.95,110.2833,81.9,75,94,11.18
355,Rindge,US,2022-08-03 04:01:44,42.7512,-72.0098,73.29,81,0,1.01
356,Vila Franca Do Campo,PT,2022-08-03 04:01:44,37.7167,-25.4333,68.41,77,71,2.64
357,Ikalamavony,MG,2022-08-03 04:01:44,-21.15,46.5833,58.17,76,22,6.73
358,Aswan,EG,2022-08-03 03:58:49,24.0934,32.907,85.3,23,0,4.61
359,Miranda,CO,2022-08-03 04:01:45,3.2499,-76.2281,68.13,87,99,5.17
360,Douentza,ML,2022-08-03 04:01:45,14.9951,-2.9517,83.12,60,100,1.43
361,Zemio,CF,2022-08-03 04:02:46,5.0314,25.1361,66.07,91,40,1.19
362,Zapolyarnyy,RU,2022-08-03 04:02:46,69.4154,30.8136,56.48,78,100,1.3
363,Mezen,RU,2022-08-03 04:02:46,65.8522,44.24,64.04,81,97,14.16
364,Grand-Santi,GF,2022-08-03 04:02:47,4.25,-54.3833,71.91,99,97,1.74
365,Bilibino,RU,2022-08-03 04:02:32,68.0546,166.4372,53.33,96,100,3.83
366,Hof,DE,2022-08-03 04:01:18,50.3167,11.9167,62.62,69,35,0.0
367,Benghazi,LY,2022-08-03 04:02:48,32.1167,20.0667,79.14,67,0,10.47
368,Presidente Medici,BR,2022-08-03 04:02:48,-11.1753,-61.9014,76.55,46,52,2.77
369,Tahta,EG,2022-08-03 04:00:59,26.7693,31.5021,82.18,38,47,7.47
370,Black River,JM,2022-08-03 04:02:49,18.0264,-77.8487,79.03,87,33,3.44
371,Tazmalt,DZ,2022-08-03 04:02:50,36.3868,4.3989,71.35,51,27,1.88
372,Batagay-Alyta,RU,2022-08-03 04:02:50,67.8006,130.4114,49.69,77,100,3.4
373,Assiniboia,CA,2022-08-03 04:02:50,49.6334,-105.9845,64.71,57,2,13.24
374,Kieta,PG,2022-08-03 04:02:51,-6.2167,155.6333,83.12,74,65,8.68
375,Aasiaat,GL,2022-08-03 04:02:51,68.7098,-52.8699,39.76,96,100,8.19
376,Mayo,US,2022-08-03 04:02:52,38.8876,-76.5119,80.94,82,41,1.01
377,Jalu,LY,2022-08-03 04:02:52,29.0331,21.5482,77.59,56,0,8.72
378,Tashla,RU,2022-08-03 04:02:52,51.7716,52.7427,71.13,66,0,7.25
379,Bandar-E Anzali,IR,2022-08-03 04:02:53,37.4727,49.4622,78.91,74,6,2.93
380,Voznesenye,RU,2022-08-03 04:02:53,61.0106,35.4781,59.54,88,53,9.13
381,Kasongo,CD,2022-08-03 04:02:54,-4.45,26.6667,70.97,75,61,2.77
382,Luwuk,ID,2022-08-03 04:02:54,-0.9516,122.7875,83.07,76,82,6.96
383,Margherita,IN,2022-08-03 04:02:54,27.2833,95.6833,88.54,69,100,2.19
384,Zhigansk,RU,2022-08-03 04:02:55,66.7697,123.3711,50.88,54,85,18.77
385,Dedovichi,RU,2022-08-03 04:02:55,57.5517,29.9502,58.59,86,100,2.19
386,Majene,ID,2022-08-03 04:02:56,-3.5403,118.9707,84.07,70,52,6.85
387,Denpasar,ID,2022-08-03 04:02:56,-8.65,115.2167,85.66,74,20,11.5
388,Mae Ramat,TH,2022-08-03 04:02:57,16.984,98.5166,84.07,100,53,1.83
389,Dancheng,CN,2022-08-03 04:02:57,33.6333,115.1833,94.78,52,0,6.04
390,Chuka,KE,2022-08-03 04:02:57,-0.3332,37.6459,56.98,82,39,3.56
391,Sri Aman,MY,2022-08-03 04:02:58,1.2376,111.4621,80.35,83,97,2.06
392,Tiradentes,BR,2022-08-03 04:02:58,-21.1103,-44.1781,57.4,73,15,3.94
393,Severnoye,RU,2022-08-03 04:02:59,56.3491,78.3619,63.63,59,3,6.82
394,Lucea,JM,2022-08-03 04:02:59,18.451,-78.1736,79.86,81,35,6.29
395,Pascagoula,US,2022-08-03 04:02:59,30.3658,-88.5561,77.04,99,0,0.0
396,Conceicao Das Alagoas,BR,2022-08-03 04:01:33,-19.9147,-48.3883,72.61,46,62,4.7
397,Hami,CN,2022-08-03 04:01:00,42.8,93.45,83.8,37,2,1.9
398,Sampit,ID,2022-08-03 04:03:01,-2.5333,112.95,89.87,54,96,2.21
399,Te Anau,NZ,2022-08-03 04:03:01,-45.4167,167.7167,48.16,74,64,6.93
400,Praya,CV,2022-08-03 04:03:02,14.9215,-23.5087,77.92,83,20,3.67
401,Abengourou,CI,2022-08-03 04:03:02,6.7297,-3.4964,64.17,99,22,2.08
402,Tura,IN,2022-08-03 04:03:02,25.5198,90.2201,80.56,88,100,3.8
403,Baruun-Urt,MN,2022-08-03 04:03:03,46.6806,113.2792,85.48,35,0,3.89
404,Paso De Carrasco,UY,2022-08-03 03:59:26,-34.8603,-56.0522,55.54,100,0,3.44
405,Wokha,IN,2022-08-03 04:03:03,26.1,94.2667,67.32,85,100,1.12
406,Vestmannaeyjar,IS,2022-08-03 04:03:04,63.4427,-20.2734,47.14,77,67,25.19
407,Warrnambool,AU,2022-08-03 04:04:05,-38.3833,142.4833,60.78,64,10,20.04
408,College,US,2022-08-03 04:04:05,64.8569,-147.8028,66.18,81,75,9.22
409,Saint-Lo,FR,2022-08-03 04:04:05,49.1162,-1.0903,61.23,93,9,1.52
410,Karratha,AU,2022-08-03 04:04:06,-20.7377,116.8463,75.31,39,1,13.6
411,Airai,TL,2022-08-03 04:04:06,-8.9266,125.4092,76.69,33,93,2.95
412,Novobelokatay,RU,2022-08-03 04:04:07,55.7062,58.9549,64.08,70,0,8.34
413,Batagay,RU,2022-08-03 04:04:07,67.6333,134.6333,51.46,80,100,4.52
414,Treviglio,IT,2022-08-03 04:04:08,45.5238,9.5895,74.86,73,15,5.75
415,Mahenge,TZ,2022-08-03 04:04:08,-8.6833,36.7167,55.89,75,7,1.39
416,Ubon Ratchathani,TH,2022-08-03 03:59:55,15.1667,105.1667,87.69,82,97,3.27
417,Sola,VU,2022-08-03 03:59:38,-13.8833,167.55,81.19,77,5,13.31
418,Stornoway,GB,2022-08-03 04:04:09,58.2093,-6.3865,55.92,97,75,17.27
419,Bradford,GB,2022-08-03 04:03:21,53.7939,-1.7521,67.48,86,80,13.58
420,Gobabis,NA,2022-08-03 04:04:10,-22.45,18.9667,42.26,29,9,6.78
421,Wangqing,CN,2022-08-03 04:04:10,43.3218,129.7634,90.3,53,73,1.88
422,Goderich,CA,2022-08-03 04:00:22,43.7501,-81.7165,59.92,77,5,8.99
423,Terenos,BR,2022-08-03 04:04:11,-20.4422,-54.8603,73.11,40,0,9.22
424,San Quintin,MX,2022-08-03 04:04:11,30.4833,-115.95,70.54,83,95,10.83
425,Norman Wells,CA,2022-08-03 04:04:12,65.282,-126.8329,61.59,78,100,5.61
426,Mitu,CO,2022-08-03 04:04:12,1.1983,-70.1733,67.48,99,92,2.01
427,Mnogovershinnyy,RU,2022-08-03 04:01:53,53.9353,139.9242,61.7,87,97,2.46
428,Talnakh,RU,2022-08-03 04:04:13,69.4865,88.3972,54.21,42,15,6.26
429,Vung Tau,VN,2022-08-03 04:02:05,10.346,107.0843,83.55,74,100,7.65
430,Comodoro Rivadavia,AR,2022-08-03 04:01:21,-45.8667,-67.5,42.78,64,12,7.87
431,Ghanzi,BW,2022-08-03 04:04:14,-21.5667,21.7833,47.95,41,0,2.84
432,Umm Lajj,SA,2022-08-03 04:04:14,25.0213,37.2685,84.78,65,57,5.66
433,Mahajanga,MG,2022-08-03 04:04:15,-15.7167,46.3167,65.62,71,0,10.47
434,Porto Nacional,BR,2022-08-03 04:04:01,-10.7081,-48.4172,73.4,38,9,1.81
435,Kingman,US,2022-08-03 04:00:05,35.1894,-114.053,92.68,35,58,6.51
436,Pemangkat,ID,2022-08-03 04:04:16,1.1667,108.9667,84.6,69,45,5.21
437,Chipinge,ZW,2022-08-03 04:04:16,-20.1883,32.6236,50.65,93,56,3.94
438,Kuhdasht,IR,2022-08-03 04:04:16,33.535,47.6061,87.98,20,1,2.33
439,Zheleznodorozhnyy,RU,2022-08-03 04:04:17,55.7503,38.0042,68.61,65,100,4.76
440,Road Town,VG,2022-08-03 04:04:17,18.4167,-64.6167,82.49,76,7,16.87
441,Orje,NO,2022-08-03 04:04:18,59.4802,11.6602,62.37,97,100,9.8
442,Bristol,US,2022-08-03 04:04:18,41.8334,-71.1662,77.41,78,100,4.61
443,Muzhi,RU,2022-08-03 04:04:19,65.3667,64.6667,69.96,46,63,7.61
444,Najran,SA,2022-08-03 04:04:19,17.4924,44.1277,77.0,59,50,4.79
445,Talcahuano,CL,2022-08-03 04:04:19,-36.7167,-73.1167,40.68,93,0,4.61
446,Mangrol,IN,2022-08-03 04:04:20,21.1167,70.1167,82.78,79,100,9.35
447,Camana,PE,2022-08-03 04:04:21,-16.6228,-72.7111,58.98,85,41,5.7
448,Bocaiuva,BR,2022-08-03 04:04:21,-17.1078,-43.815,63.54,60,3,3.53
449,Yenisehir,TR,2022-08-03 04:04:21,40.2644,29.6531,59.05,100,0,0.0
450,Mayumba,GA,2022-08-03 04:04:22,-3.432,10.6554,69.84,93,80,7.63
451,Gamba,GA,2022-08-03 04:04:22,-2.65,10.0,69.75,93,90,7.16
452,Benidorm,ES,2022-08-03 04:04:23,38.5382,-0.131,82.31,66,0,1.01
453,Semirom,IR,2022-08-03 04:04:23,31.4167,51.5667,72.45,27,0,2.19
454,Taybad,IR,2022-08-03 04:04:23,34.74,60.7756,83.39,24,0,17.4
455,Bathsheba,BB,2022-08-03 04:05:24,13.2167,-59.5167,81.21,87,20,19.57
456,Kerema,PG,2022-08-03 04:01:36,-7.9631,145.7785,82.83,78,30,8.48
457,Lensk,RU,2022-08-03 04:05:25,60.7253,114.9278,81.25,54,44,9.75
458,Ambanja,MG,2022-08-03 04:05:25,-13.6833,48.45,66.43,53,3,4.12
459,El Sauzal,MX,2022-08-03 04:05:26,31.9,-116.6833,70.41,82,39,5.08
460,Hovd,MN,2022-08-03 04:05:26,48.0056,91.6419,75.0,27,15,4.32
461,Plainview,US,2022-08-03 04:05:26,40.7765,-73.4673,81.88,75,75,5.75
462,Lasa,IT,2022-08-03 04:05:27,46.6166,10.7002,58.37,88,10,1.77
463,Nova Olimpia,BR,2022-08-03 04:05:27,-14.7972,-57.2881,72.41,35,2,3.36
464,Bonavista,CA,2022-08-03 04:05:27,48.6499,-53.1147,61.32,87,4,12.57
465,Elko,US,2022-08-03 04:03:43,41.0002,-115.5012,73.22,54,73,15.99
466,Yoichi,JP,2022-08-03 04:05:28,43.2039,140.7703,76.21,78,76,8.08
467,Morehead,US,2022-08-03 04:05:29,37.2711,-87.1764,76.86,95,40,0.0
468,Jibuti,DJ,2022-08-03 04:05:29,11.5,42.5,78.03,62,56,7.18
469,Lodja,CD,2022-08-03 04:05:29,-3.4833,23.4333,71.15,85,55,1.32
470,Zlitan,LY,2022-08-03 04:05:30,32.4674,14.5687,77.83,72,0,2.75
471,Doctor Juan Manuel Frutos,PY,2022-08-03 04:05:30,-25.3667,-55.8,66.96,57,0,5.73
472,Nishihara,JP,2022-08-03 04:05:31,26.1842,127.7558,88.88,79,40,5.75
473,Yumen,CN,2022-08-03 04:05:31,40.2833,97.2,80.26,29,8,11.01
474,Malangali,TZ,2022-08-03 04:05:31,-8.5667,34.85,55.49,82,6,10.6
475,Mityana,UG,2022-08-03 04:05:32,0.4175,32.0228,59.74,99,51,1.3
476,Ozernovskiy,RU,2022-08-03 04:05:32,51.5,156.5167,55.67,85,78,10.56
477,Ciudad Ojeda,VE,2022-08-03 04:05:33,10.1964,-71.3082,78.96,81,92,3.49
478,Ashqelon,IL,2022-08-03 04:05:33,31.6693,34.5715,76.89,77,0,3.18
479,Birao,CF,2022-08-03 04:05:33,10.2849,22.7882,69.48,98,87,4.63
480,Gus-Zheleznyy,RU,2022-08-03 04:05:34,55.0581,41.1656,65.55,67,94,4.97
481,Bartlett,US,2022-08-03 04:05:34,35.2045,-89.874,84.29,81,0,4.61
482,Cooma,AU,2022-08-03 04:05:35,-36.2333,149.1333,55.17,76,40,26.46
483,Kalemie,CD,2022-08-03 04:05:35,-5.9475,29.1947,70.43,75,26,4.32
484,Kingsport,US,2022-08-03 04:05:35,36.5484,-82.5618,75.11,92,0,1.99
485,Valle De Allende,MX,2022-08-03 04:05:36,26.9333,-105.4,79.0,32,70,8.72
486,Kuusamo,FI,2022-08-03 04:05:36,65.9667,29.1833,53.64,94,100,8.05
487,Cap-Aux-Meules,CA,2022-08-03 04:05:37,47.3821,-61.8597,67.91,98,93,13.4
488,Laguna,US,2022-08-03 04:01:01,38.421,-121.4238,88.75,44,0,13.8
489,Angoram,PG,2022-08-03 04:00:53,-4.0625,144.0661,86.23,71,83,6.55
490,Chor,PK,2022-08-03 04:05:38,25.5167,69.7667,88.52,59,14,9.71
491,Tual,ID,2022-08-03 04:05:38,-5.6667,132.75,80.42,81,88,12.91
492,Normandin,CA,2022-08-03 04:05:38,48.8333,-72.5321,52.52,79,67,3.27
493,Oriximina,BR,2022-08-03 04:05:39,-1.7656,-55.8661,74.32,91,100,3.44
494,Dukat,RU,2022-08-03 04:05:39,62.55,155.55,62.02,65,99,7.61
495,Egvekinot,RU,2022-08-03 04:00:50,66.3167,-179.1667,59.65,49,43,11.25
496,Chumikan,RU,2022-08-03 04:05:40,54.7183,135.315,54.01,99,100,10.51
497,Eusebio,BR,2022-08-03 04:01:51,-3.89,-38.4506,78.94,83,75,12.66
498,Halifax,CA,2022-08-03 04:04:35,44.6453,-63.5724,69.69,97,94,1.01
499,Tautira,PF,2022-08-03 04:05:41,-17.7333,-149.15,77.29,76,21,22.3
500,Dakar,SN,2022-08-03 04:05:41,14.6937,-17.4441,79.68,82,84,13.91
501,Pontianak,ID,2022-08-03 04:05:42,-0.0333,109.3333,84.18,79,20,3.44
502,Lompoc,US,2022-08-03 04:05:42,34.6391,-120.4579,68.14,85,100,6.91
503,Krasnovishersk,RU,2022-08-03 04:08:13,60.4078,57.082,66.47,53,9,3.51
504,Nantucket,US,2022-08-03 04:07:15,41.2835,-70.0995,75.34,94,75,9.22
505,Shache,CN,2022-08-03 04:08:14,38.4167,77.2406,74.95,48,100,14.79
506,Tiruchchendur,IN,2022-08-03 04:08:14,8.4833,78.1167,88.09,76,100,15.17
507,Palembang,ID,2022-08-03 04:08:14,-2.9167,104.7458,78.89,89,75,3.44
508,Necochea,AR,2022-08-03 04:08:15,-38.5473,-58.7368,50.68,93,100,7.52
509,Rocky Mountain House,CA,2022-08-03 04:03:44,52.3668,-114.9188,54.59,95,70,5.68
510,Didsbury,GB,2022-08-03 04:08:15,53.417,-2.2315,67.71,88,40,10.36
511,Turukhansk,RU,2022-08-03 04:08:16,65.8167,87.9833,62.58,39,4,8.32
512,Abu Kamal,SY,2022-08-03 04:08:16,34.4506,40.9171,88.59,35,2,7.36
513,Machali,CL,2022-08-03 04:08:17,-34.1833,-70.6667,46.72,73,0,1.83
514,Galeras,CO,2022-08-03 04:08:18,9.161,-75.0481,74.95,94,100,1.81
515,Cabo San Lucas,MX,2022-08-03 04:05:23,22.8909,-109.9124,86.5,62,4,3.0
516,Gwadar,PK,2022-08-03 04:08:18,25.1216,62.3254,81.93,82,31,5.21
517,Ambulu,ID,2022-08-03 04:08:19,-8.345,113.6058,85.28,62,83,7.92
518,Alexandria,EG,2022-08-03 04:08:19,31.2156,29.9553,79.7,63,0,11.01
519,Thinadhoo,MV,2022-08-03 04:07:06,0.5333,72.9333,79.77,78,85,11.41
520,San Angelo,US,2022-08-03 04:08:20,31.4638,-100.437,89.89,32,0,6.91
521,Skjervoy,NO,2022-08-03 04:08:20,70.0311,20.9714,53.6,88,98,8.08
522,Yeppoon,AU,2022-08-03 04:08:21,-23.1333,150.7333,74.98,78,18,8.84
523,Nanakuli,US,2022-08-03 04:08:21,21.3906,-158.1547,81.77,57,0,9.22
524,Mbandaka,CD,2022-08-03 04:08:21,0.0487,18.2603,71.26,79,76,2.42
525,Merauke,ID,2022-08-03 04:08:22,-8.4667,140.3333,83.39,74,94,8.41
526,Bukama,CD,2022-08-03 04:08:22,-9.2,25.85,68.47,41,1,1.48
527,Pattaya,TH,2022-08-03 04:08:22,12.9333,100.8833,85.1,81,100,10.25
528,Xining,CN,2022-08-03 04:08:23,36.6167,101.7667,78.8,54,20,3.42
529,Haikou,CN,2022-08-03 04:08:23,20.0458,110.3417,89.46,63,99,4.97
530,Mumford,GH,2022-08-03 04:08:24,5.2618,-0.759,71.35,86,27,9.6
531,Rozhyshche,UA,2022-08-03 04:08:24,50.9154,25.2691,56.12,92,0,5.88
532,Divnomorskoye,RU,2022-08-03 04:08:25,44.5011,38.1353,73.87,86,3,3.33
533,Santiago Del Estero,AR,2022-08-03 04:08:25,-27.7951,-64.2615,65.64,58,92,12.28
534,Brae,GB,2022-08-03 04:08:25,60.3964,-1.353,54.93,93,100,20.54
535,Nazas,MX,2022-08-03 04:03:53,25.2333,-104.1333,84.11,33,98,3.29
536,La Libertad,EC,2022-08-03 04:08:26,-2.2333,-80.9,68.59,84,75,7.38
537,Porterville,US,2022-08-03 04:08:02,36.0652,-119.0168,91.54,28,1,3.76
538,Mao,ES,2022-08-03 04:06:55,39.8885,4.2658,77.56,88,0,1.14
539,Avera,US,2022-08-03 04:08:27,33.194,-82.5271,81.91,74,33,6.24
540,Fort Saint James,CA,2022-08-03 04:08:27,54.4333,-124.25,63.77,54,99,10.16
541,Gazli,UZ,2022-08-03 04:08:28,40.1333,63.45,87.93,23,1,8.84
542,Khovu-Aksy,RU,2022-08-03 04:08:28,51.1333,93.6,67.98,50,40,4.56
543,Awallan,PH,2022-08-03 04:08:29,17.9244,121.913,80.26,83,100,2.24
544,Kyaikto,MM,2022-08-03 04:08:29,17.3,97.0167,81.19,83,98,6.62
545,Faya,SA,2022-08-03 04:08:30,18.3851,42.4509,59.52,64,58,1.9
546,Bacolod,PH,2022-08-03 04:08:30,10.6667,122.95,86.56,71,75,5.44
547,Abu Dhabi,AE,2022-08-03 04:08:30,24.4667,54.3667,100.51,34,0,4.61
548,Bayburt,TR,2022-08-03 04:08:31,40.2589,40.2278,62.11,73,2,1.14
549,Show Low,US,2022-08-03 04:08:31,34.2542,-110.0298,70.14,83,0,8.05
550,Ayagoz,KZ,2022-08-03 04:09:32,47.9714,80.4392,77.95,40,47,10.4
551,Kamiiso,JP,2022-08-03 04:09:32,41.8167,140.65,68.9,95,100,9.98
552,Guiratinga,BR,2022-08-03 04:09:32,-16.3494,-53.7583,69.28,26,100,4.43
553,Christchurch,NZ,2022-08-03 04:08:50,-43.5333,172.6333,62.8,31,12,10.36
554,Pandan,PH,2022-08-03 04:09:33,14.0453,124.1694,86.77,66,100,5.99
555,Buraydah,SA,2022-08-03 04:09:33,26.326,43.975,93.06,32,94,6.06
556,Flinders,AU,2022-08-03 04:09:33,-34.5833,150.8552,74.25,58,38,7.0
557,San Cristobal,VE,2022-08-03 04:09:34,7.7669,-72.225,68.18,87,95,2.19
558,Mecca,SA,2022-08-03 04:09:35,21.4267,39.8261,83.98,62,47,4.52
559,Honiara,SB,2022-08-03 04:09:35,-9.4333,159.95,87.64,63,33,10.83
560,Marsa Matruh,EG,2022-08-03 04:09:35,31.3525,27.2453,78.48,73,0,8.28
561,Rawson,AR,2022-08-03 04:09:36,-43.3002,-65.1023,41.74,63,3,8.97
562,Bianzhuang,CN,2022-08-03 04:09:36,34.8486,118.0447,92.46,60,0,6.53
563,Enshi,CN,2022-08-03 04:09:37,30.3,109.4833,92.1,52,3,1.79
564,Talaya,RU,2022-08-03 04:09:37,61.3833,152.75,72.9,48,94,11.77
565,Yenagoa,NG,2022-08-03 04:09:38,4.9247,6.2642,71.56,94,79,3.69
566,Olinda,BR,2022-08-03 04:09:38,-8.0089,-34.8553,73.13,94,100,3.44
567,Balkhash,KZ,2022-08-03 04:09:38,46.844,74.9804,81.21,41,0,13.42
568,Gavle,SE,2022-08-03 04:07:44,60.6745,17.1417,58.37,83,98,3.0
569,Marquette,US,2022-08-03 04:09:39,46.5333,-87.6335,63.68,93,100,14.5
570,Tevaitoa,PF,2022-08-03 04:09:40,-16.7833,-151.5,78.28,73,4,23.29
571,Dawlatabad,AF,2022-08-03 04:09:40,36.4141,64.9053,87.84,21,0,5.08
572,Mackay,AU,2022-08-03 04:09:40,-21.15,149.2,78.67,82,5,9.22
